x1,x2,x3,y
0.45424910803124363,0.26265950857397047,0.32550473088097154,1.038799242887533
0.4330278613913914,1.0,-0.8192139432827477,11.27854338514478
-0.48093006514482406,-1.0,0.3202715307901396,2.6773053614544473
-0.06658922404716283,0.0407251888722544,0.4979170990060724,0.9828598712038513
0.5433248242920818,1.0,-0.6290321028761381,11.920038246406387
-0.46324838097812715,-0.7334494476264073,0.10194321518642813,2.0241587979955824
0.5646690024621825,1.0,0.35392984965470364,8.09111437941267
-0.025071591008021477,0.3391909594637297,0.17799341404285252,-0.2013809712146191
-1.0,-0.35468394449943896,-0.8984190620190622,3.6898924384019356
-0.43731036295468306,-0.6115330583037315,-0.2789139167043271,1.810998356405822
-0.49143057335260765,-1.0,0.19737478348797577,3.9825774387114645
-0.8582317475829684,0.6578939174711826,1.0,7.735685890332571
0.22473995933092916,-1.0,-0.8158157403664812,-8.650785038599881
-0.3857185520800457,1.0,-0.6559765878740491,6.359397742444281
1.0,0.7529652899350936,-1.0,18.369878501255936
-0.12270950087634724,-0.5496308918144457,-0.7333740090457141,-0.9490095595303655
0.3352636067585393,-0.8254364490130819,-0.883877584808666,-6.021754644808662
1.0,-1.0,-0.5426044824255971,-11.08042667713472
-1.0,1.0,-0.05046471434480959,8.865991324323684
0.6912244248331516,0.19692149462735586,0.8170289616391941,3.0064819540417336
0.8535959576998695,0.5086658011818215,0.14064199441278458,4.495083524642369
1.0,-0.1043707652694934,0.1799097640738596,4.41868911699215
1.0,0.3461618899734282,1.0,20.070186522866695
-1.0,0.6603908912804992,0.5507502037863061,-3.666162682385457
-0.48664059933660364,1.0,1.0,15.591868075279535
-0.04133416554457603,0.14499567222079457,0.6797900215741215,0.2853180348061013
1.0,-0.6922387014129123,0.19910133541216068,2.2522663436137362
-0.16263591690998558,0.6937855956628103,1.0,6.663228140937233
-0.21034071082658046,-0.8998568481958626,-0.24476475935993136,2.8309322316498458
-0.11684967769674848,-0.3209971257742612,-0.26461142093446144,1.4872935972258328
0.6510065033804924,1.0,-0.8207233976351154,12.6771494265671
0.40658138257353316,-0.5671485110855632,0.09172496999872282,1.5485378497997202
-0.23122016587893124,0.6978680323411577,-0.5931496633884437,-0.06574440784737678
0.7567341240703174,-0.23048520570190334,-0.27417248315134835,1.4436913302168048
1.0,-1.0,1.0,-9.606540137749406
0.26980499225424137,0.12972651035559957,-0.9569266260959484,-1.6716764132138122
0.7035231778941184,-0.5326134439998091,1.0,-1.8879691638531129
-0.5407943564927362,-0.9066099364021185,-0.4443257101761475,2.1720566981638627
0.5709703846174303,0.148824401224817,1.0,0.6032523252103461
-1.0,-0.15396129126422098,-0.228285852304571,-3.3807985677109116
-0.42366692181543164,-0.9025567470547011,1.0,-1.5069110607979523
1.0,-1.0,-0.8666528623145922,-20.55763991429026
-0.8637525518885647,-0.007580431832862278,0.6913452865186958,-1.6975739640018928
0.6405799594090746,0.2115899731520312,-0.3143696955557176,2.1239580150970645
-0.6937063452195069,1.0,1.0,15.8369496437382
-1.0,-0.3405098967459601,0.13622295764247339,-3.004623162806217
-0.2632360615707099,1.0,1.0,14.490975700218819
-0.6308173901488674,-0.5165243940209983,0.36675441164892786,1.1275676542514772
0.17675085658706213,0.2267998790039203,1.0,0.7608290826617854
-0.3745302797425494,1.0,-1.0,1.6937591456382373
0.5676588222925094,0.04477167972612195,0.6234324655707437,1.5935374715612634
0.9884269098307561,1.0,-1.0,37.51351115590967
-1.0,0.5164454543393204,0.3672366007306853,-4.7335171762370525
0.17513511493978173,-1.0,-0.2948972590455947,1.92322213475437
-0.04595807892470982,-0.42880292316742086,-0.945317912396048,-3.987493459107389
-0.45589904373540113,-1.0,-0.908364493177193,-8.397559565729189
-0.5326117233954155,0.38597865767417616,1.0,3.383111989581108
-0.09482531652176895,0.3687113809347733,-0.5896715121002996,-0.06445829226022318
1.0,0.492916296484744,-1.0,12.961460461939177
-0.7026971279224443,0.7878609177248455,-0.2508963456653681,-0.13669862271310207
-0.8021089066410461,0.6471472113971659,0.6304070266742672,-1.784654841657135
0.7933346200732851,-1.0,-0.6582340120485892,-9.974846586890273
0.10387874163265276,0.05812987418344351,0.06665107345851884,1.7507305021577935
-0.3400289532279095,1.0,0.20584447741409773,6.767954989893332
0.9231683560203068,0.7480571763011596,0.6178747678141672,9.592476131257843
-0.5319714349021447,0.5671718544872808,1.0,4.84879525851116
-0.2522234908018752,0.7925427300943526,0.06600765353998184,1.270876493814172
-0.7759510684932938,0.31764581530579306,-0.5448273044529803,-0.7920494766394219
0.17344019640135677,-0.2798278285464877,0.002547295216417833,1.5065171766915473
-0.1284019244492116,0.04753656203744949,-0.8402525661838014,0.13165244295025358
1.0,-0.9969297405426394,0.40216072522656865,-7.140093024692878
-0.5596524164665764,0.3982767775274203,-0.9257269654407854,-1.657813862816827
-0.5659682998089284,-0.2575732640975412,0.340264117652487,0.09270241678683622
-1.0,0.26121087055446424,-0.47767129077740034,-0.5513444488359713
1.0,0.8389839965441699,-0.6385199176103036,12.133820074548542
-0.9263133622530229,-1.0,0.5329210901941559,12.12017743018727
-0.7559204906315296,0.8598302451981681,0.6849141868563082,1.3436200764819413
-0.10581649374817381,0.18903209901555518,-1.0,-2.604965098965199
-0.4488611113935539,-0.788224042833537,0.26100552693422485,1.566738133152554
0.19537016602768054,-0.08831908965361057,-0.7181474782296104,0.8537688051731882
-0.7590387965666694,-1.0,0.8563257265725608,5.469511700136322
-1.0,-0.7731760868489799,0.33884153705906117,5.687139128410577
1.0,0.15111277381577182,-0.38486546015627576,4.5866936080769705
-0.6255328462732281,-0.4485335256872063,-0.9586340176754662,0.339602145717662
-0.21743796189100606,-0.8898060189101928,0.0748689738568622,1.8269531073263554
1.0,0.8844372656633837,0.045645379150525356,11.165772746234417
-0.5713347174958681,-0.9230579224410886,-0.36371221811268706,3.019640385044139
-0.25129986003469607,-1.0,0.2342887211230884,3.024253795896185
-0.02006447605514805,-1.0,-0.584964852852389,-1.8298132530229165
1.0,-1.0,-0.6003348946355411,-12.503465058769033
-0.3369413352595727,-1.0,-0.06087716599081894,2.960585936668305
0.805619574307447,-1.0,1.0,-6.806598776379776
0.7546746247220353,-0.9152494633206476,0.9046238244063929,-2.9122369033795716
0.3139408974776332,-0.45523948378162515,0.9207393001473485,-1.5681271630030131
-0.4615150373316914,1.0,-1.0,1.2814044379357092
-0.8425294022090761,0.16918531963895367,0.7604698966204169,-1.211254460256983
0.04101909291870842,1.0,0.2406956632348518,7.472356764139521
-1.0,0.32177085701510677,1.0,3.902787433031463
0.40079281720697746,0.4595411082011962,-1.0,-2.1447384230619813
0.8807306556018288,1.0,-0.8868730971034746,22.20202803846825
-1.0,0.1622187860865134,1.0,4.044127452655077
-1.0,-0.7648633417521304,-1.0,4.8733124172571145
0.5015182533450722,0.20739484915740447,0.9553961211455839,0.5285611191811274
-0.047756857450614865,-0.26243681223674376,0.03141858146951604,0.7756638140186849
0.9223048877308453,0.7580327045522643,0.12787577276753126,6.093673483677456
-1.0,0.2148928852684806,0.8232775629802052,-2.852394982471587
0.9851416111399529,0.7969820276167221,0.6540174310477977,13.405125909770629
-1.0,-0.9867835047903208,0.726845329442978,15.050280595041663
-0.9013071039861495,-1.0,-0.9080500610212834,0.16817222401736265
1.0,-0.645528905142277,0.2977238761729153,2.1374252698599143
-0.17578619962393804,0.9944410395822612,-1.0,0.9336792958287228
-0.2774805755920975,-0.7133656467459086,0.013941501349872487,0.7600537746934283
-1.0,0.583186093968701,0.6266669446908539,-4.356183762362153
1.0,-0.09550630950171524,-1.0,7.4820320934490185
0.5173557452781097,1.0,-0.5050008198883027,11.355915493009311
-1.0,-0.2231341882942517,0.11112178390405081,-3.3769801565285964
-0.08785107558765404,0.26660166588968837,-1.0,-2.9895456209848468
0.7297194108899876,0.427605307344993,-0.43642265293011984,1.2589883193018392
0.5977834685755834,-0.31845662147094655,-1.0,-4.238318418554297
-0.07216180195546995,0.3616281791134368,-0.9610061685613596,-2.1521852548542353
1.0,-0.46633477971984916,-0.04844462433305008,3.7508407713201573
0.2663481836629773,0.8028407607217016,1.0,6.949736232425151
0.22830050263161206,0.7511557853351858,0.9833552330885436,6.341050113551157
0.45132413508868696,-0.5152943665976175,-0.3279756357496295,1.58156823421933
-1.0,1.0,-0.8472421691605825,15.864111581963224
-0.12051591321630006,-1.0,0.798682060191982,-1.883927908509064
-0.04149265051099005,-0.6553014032766744,0.39340383672815604,0.5626403665059697
-0.3791699075629975,0.5936155075186089,0.5064660160447199,0.5878998240073559
-1.0,-0.19961080140445686,-0.4485981549748428,-2.0197906928000444
0.9868030531079901,0.34840002601808195,-0.25230574780047865,4.290746947266649
-0.19373923265312265,0.3960085524322188,0.3128229963612561,-0.8366938537625137
1.0,0.6960037383946343,0.916365459824324,20.119886013951696
-0.34573833047814473,-1.0,0.9016193395072789,-2.0250484617001208
0.39754231903547144,0.23654257758443253,0.17738118091506183,0.38884368885165743
0.8042207189729893,-0.0033829665300872946,-0.1919444148911318,1.6614008939679719
-0.8427655944361132,-1.0,0.7656920988315616,9.213169877096666
0.07992695857700105,-0.6645360637216262,-0.18887297670129488,1.4564210260392407
0.3608255729270047,0.3222664563901252,1.0,1.7426258229443163
-0.29333370919165325,0.20079397059209958,-0.7870413440388218,-0.7454111107566788
0.10983146144076317,-1.0,0.049790581618713414,0.8893188593979808
0.01611182783489551,0.9573798838780514,1.0,10.674626286108358
-0.38427787959637194,0.14879737380564095,0.2593653646738907,-0.05614005865851324
-1.0,-0.1700768702864186,0.7451010610159752,-0.43321418862357886
-0.8120467664955917,-0.16280169967249636,0.3858763890411461,-1.2509495869671243
-0.5781558117027437,0.3066657394329877,1.0,2.4636643572036308
0.2821900832205775,0.6023462368934047,0.48380481562704736,0.10080723961193638
-0.45938233174629794,-0.5575569880607902,0.8502218065101637,0.5799587920624105
-0.3585887626291473,-0.09255585520420406,1.0,1.186977898332933
1.0,-0.7748954692012588,0.23629280468852132,0.6383366717340455
-0.05727251409641676,-0.027664193966184136,1.0,0.25324052427068805
0.2684880824816718,-1.0,-1.0,-19.567797430016906
0.7598361055364811,0.8723070929315522,-0.8051145296556725,7.095568777115871
-0.836758986616124,0.1042312300049637,0.6707101882109501,-1.4681401058414771
-0.1159300693930283,-0.4255068533154043,-1.0,-4.457275261671603
0.7293425474637962,1.0,-0.9324779113538766,14.043536678583015
-0.6029985296314813,-1.0,-0.4907280531766822,2.3853815668158607
1.0,0.3676475884241208,-0.9504300789358742,10.41467184841948
0.5928585953184027,0.24909022225376543,1.0,2.2106402760017603
-0.011119618008580856,-0.38809665509196645,-0.3986017694182382,0.9682305895313875
-0.6349254914025855,0.3619477679977512,-0.48918562120204556,-1.7266541721822743
-1.0,-1.0,0.3680036899015775,10.924417830712539
0.9194959441944959,-0.8952388943127194,-1.0,-16.316223535243104
0.0988365272285534,1.0,0.7307278742197971,8.945152687918487
-0.805987641782034,-0.7750430703936353,-1.0,0.7795918833015021
1.0,-1.0,-0.2535488850015921,-9.401702707637074
0.9937481702861533,0.8738471845632623,-1.0,22.69304200687957
-0.6619188560926856,-0.33149822248005334,-1.0,0.4883938667968271
0.11240616359570854,-0.13492917045482367,-0.027099385748121874,0.5789638087347169
-0.7155771772498922,-0.06332464631213885,1.0,1.8112214955588837
0.1492750803996643,-0.21113988526464156,0.08873202487169429,1.7993902147089569
-0.0690473757249932,-0.10800897283823807,-0.10272445669231822,1.0635221833220694
0.8771824170202864,-0.6952215540666749,-1.0,-7.096724375000821
0.0025234221400822765,-0.28372793509330374,1.0,-1.099734331825436
1.0,0.24534307008402467,0.4843015605931644,7.487736408135662
0.25181549191982033,0.35070105812144936,0.367061575017658,0.6849425360904158
-1.0,0.531565385167716,1.0,5.807110922365332
-0.21456662754060352,0.5690514482155338,-0.3073148413206772,0.13457073784164514
-0.5868005962721918,0.062063405918581394,0.3548086750502992,-1.1218207859234697
0.5231560522085266,1.0,0.32883498860893856,7.1466282932508225
0.5168563710993426,0.050527154856390366,-1.0,-2.471226086548536
0.22015552886522483,0.8130730990716482,1.0,7.181224367495563
-0.01336568580817965,-0.06430457679143275,-0.5451427735643823,0.4623348560399041
0.2619465794264544,-0.3356960387912489,-1.0,-4.97271454169454
1.0,0.7767029786553579,-0.6900477642326293,9.822875288899022
1.0,1.0,-0.0012851587504623119,14.764870543489666
-0.9903043046123354,0.3021946370022752,-0.22864162900660778,-3.4986885890790975
0.0029052617238511935,1.0,0.8152208596538513,10.185912825844571
0.03543464773675464,-0.9292823386083291,-0.3873266036672198,1.004284580488041
-1.0,0.1802885320758323,-0.6189508890234374,-0.42863152639683477
-0.1632715430628373,-0.18993833589161468,-0.7986630878632341,0.10939887698168331
1.0,-0.7238974652318255,-0.5719386802054749,2.9464865516637206
-0.1299700708313225,-0.09657477665346392,1.0,0.19927480197608563
1.0,-1.0,1.0,-8.7956630911444
-0.8297767540097138,-0.7544211389408142,-0.23702030418179443,2.7137284840539957
-0.16669322918961416,0.16000462401010362,1.0,0.7568376453559297
0.967425131485049,-0.4409198476487073,-0.44137679366014737,3.8579083748758802
0.8179120277526397,1.0,-1.0,18.127901023520938
1.0,0.5776906125837009,-0.6102745737882898,6.99381062038623
0.2668104472408175,-0.4812749302678636,-0.7973695906440144,-0.22809793233478126
0.2646371280580997,-0.15609542410491373,-1.0,-3.5296712578000156
1.0,-0.7159901568748925,0.5495446558298562,1.987234574218237
1.0,-0.42149795136630575,0.8242069440408493,7.385070610638875
-0.14145669234463365,-0.055153697119829426,0.8415409023086573,0.5041035249343425
0.5365048117730642,-0.4327389071372758,1.0,-1.982702809991208
-1.0,0.9601818480979794,0.5496430278899003,-0.5200342114026993
-1.0,0.23766688150616821,-0.279261675916026,-3.671532936032826
-0.17379614808677513,0.5041259029252374,0.3391968805473691,0.47894083682573185
0.1711490737676884,-0.9956155374843045,-0.31049379921393006,1.4188137848269289
-0.04718886158566349,0.5953304736999654,-1.0,-4.310256291653556
0.16753384105074742,0.014869087066725184,0.33471844302775766,0.7657033076401588
0.6964673517931785,-0.19684276478951013,-0.41641910527814296,1.8069468046406238
-0.08981877912557268,1.0,-1.0,3.5738298435398175
0.3693624493292025,0.9843931300128326,0.4662714672343762,6.507893710516255
-0.40586515538054746,0.014778079690469959,-0.6422772572626776,0.04223405883076356
0.14151376801889604,1.0,0.47467764986643823,7.750941484437155
-0.944850407860049,1.0,0.15337368769770032,4.477432294020147
0.3080005760488893,-0.3076151722189635,-1.0,-4.544141981176982
-0.22499298284004654,-0.47841303311087335,0.8307635359948256,-0.5611447415029434
0.6356229894458552,0.2622521076876694,-0.745889725231045,0.6466642951144723
-0.1600618088322323,-0.45443703153282367,0.020109712424220216,0.7921113510970432
1.0,0.17356535782618976,0.9023414910930729,13.328687810448566
0.3429337792314404,-0.9937479942177094,0.7553266989061298,-1.818292721806467
-1.0,-0.3741910853636048,-0.10852182636474628,-2.444019367374917
0.8506299851901582,-0.06923542321890852,1.0,4.62295716466907
0.9870776032622441,-0.1196614159262237,-0.03944211134425246,4.731274557112316
-0.04269147951665908,0.5883333432052564,0.0215997585512564,0.11130413415749785
-0.1937788757235357,0.18469372052754762,-0.7792505803368215,-0.70373010470528
-0.471333715478357,1.0,-0.1637492699482579,5.5310291481630465
-0.5390832735022848,0.27167201050599554,-0.2645217928723538,-1.3039824459949527
0.7810605947513121,-0.7500892016895038,-0.8101415658673008,-2.33695034060189
0.48859641397851816,-0.7794112590073567,1.0,-3.7820963883732155
0.6693852464372461,-1.0,-1.0,-24.86443390171698
-1.0,-0.1808534582162964,-0.2098468449538493,-3.6762669358126727
-1.0,0.21805477657785644,1.0,2.9626991479984826
-1.0,0.09189095835883054,0.14600346218322957,-4.270326060972643
-0.936230215711473,-0.7740167505934645,0.9493470913081341,11.100964950672047
0.3996679719605174,-0.8388676444977974,-0.157361597940336,2.017254336842112
-1.0,-1.0,-1.0,3.630136292381832
0.522081669256798,-1.0,0.8882610928850099,-4.086612218940629
-1.0,-0.23770790241639284,-0.40608715721204525,-2.61376060707864
0.9895559583459368,-1.0,0.2882857562685148,-6.700052282827442
0.5084731731674954,-0.8338353958730167,1.0,-3.952587043984859
0.09817848717336819,-1.0,-0.57648189320115,-1.0364069078278335
0.25414677410597286,0.43579613103903925,0.7263201310059966,1.2266129501389067
-0.5112462479920641,-0.3521700256291109,0.9319802852138621,0.18573960815172863
-0.7354457981117521,0.21019519594707603,-0.17024632217988445,-2.1062451495386183
-0.010900658722491796,-0.1538382465179544,0.722390522233628,0.25284009889731673
0.6291999884599315,0.6196314041644164,-0.22837158393029888,1.870321589722901
0.8322022115913192,1.0,0.026872041191697615,9.10072365033858
0.08829570764283234,1.0,-0.9494977187129341,6.935599921491396
0.8755963489373033,-1.0,-0.4345217054689805,-6.904406341612484
0.33371562917732844,-1.0,1.0,-6.829517454783642
0.11849763984677542,-0.49329628891939636,0.639236097989895,0.5808068442445073
0.8491743183341247,0.14993511346542432,1.0,7.926406832753713
0.1849572324167763,0.6153581728074422,0.24586616812530626,1.4338295980079747
-0.7310946791848187,1.0,-0.8623433926660524,2.9710226126711774
-0.0635295493877992,-1.0,-0.16249652382212942,2.678748284162934
-0.6685891911667143,-0.21524239282069568,-0.3690114259164554,0.08038307188748453
-0.07343628450266504,0.447239721324282,0.429291883911024,0.4877052467207643
0.3120234124732799,0.7266056804471159,1.0,5.457216497078297
0.12657270549241595,-0.8501198427474796,0.07256227505660129,1.9612927838681948
-0.30476324272429167,-0.17713589175049194,0.0034059891898177153,-0.5980056689719407
-0.26687362380179747,0.13341413708586436,0.6194520388683271,-1.531449013426378
0.13822239726301833,0.7862325260469993,0.2047944147334544,1.5647075592506274
-0.6085782656743233,-0.7752167933745133,0.8953433009561376,2.8430019628285215
0.07936368542092476,-0.7602863907520672,0.9181644289101436,-1.643400711461445
-1.0,0.7116387231657262,-0.14209745193516654,0.005488268189433265
0.921128369850962,0.4437063454811483,-1.0,6.3265157475595295
-0.3394342948815947,-1.0,-0.9523367655576347,-11.93688021152972
0.46234831545515176,0.05627268650368222,-0.5412426799501451,1.682722458891527
-0.17152834545977025,-0.06515267644825151,0.9734494330534105,0.6987186060799256
-1.0,0.9135918097852895,0.2082537521268013,1.6085770349556803
-1.0,0.48580533633911993,1.0,5.325100232695284
0.5187277321103048,-0.9213725412192817,-0.880068381948574,-9.382340960445092
0.2294714304481995,-0.3843491546091016,0.1084430137466248,1.5833650899262175
0.6946555853238616,0.2878071387114354,0.39060684442172255,2.02976146047052
0.11307981707040926,1.0,-0.35406297833986144,9.708137336515088
0.6868789316879402,0.07254706511084752,-1.0,-1.5680210178125846
0.8387625696134098,0.38780023359983673,-1.0,2.751507557960258
-1.0,0.15680934482701692,0.3726538604690588,-4.566911993179842
0.3618347770415684,-0.5080230625968856,0.6381443420876529,0.22545165636683492
-0.023141085135314876,-0.40103566309290306,-1.0,-4.598308022476392
-0.2828456637980852,-0.13421095061770116,-0.778860150702521,0.359789009347638
0.63671688231694,0.15174527182450714,0.29361548434801454,1.0832726355838591
0.23156779592721688,1.0,-0.005504516234387191,8.327601251995146
-1.0,-0.5079689297940184,0.9797969313986088,8.628544818147141
0.47576126248831985,-1.0,0.5916735780672446,-0.5495149720204563
-1.0,-0.13029333282181477,0.9233360399839108,1.2719249357460032
-0.10891413769304426,-0.8203337970707305,0.3993200046799126,1.0672170189647519
-1.0,-0.226749239912706,-0.792513766316018,0.9953695400582099
1.0,1.0,-1.0,38.91161874002256
0.21797635506560353,-1.0,1.0,-6.352252941681332
-0.26119637161856746,0.11386054509025323,-0.03861943285048075,0.2295824519413522
0.39543714369046534,-0.13077639320739887,-0.8593560679578469,0.8892982467307755
-0.14521500456940695,0.6414527384605007,1.0,6.37953844500369
-1.0,0.1321127449119759,-1.0,12.82113536202097
-0.21412394042787541,-0.4935630576422838,-0.9764566403988573,-4.078465884477174
0.10504949752578052,-0.19389702082334237,-0.04443293952442762,1.0706419218264913
-1.0,0.5109211106959084,0.7012331149026423,-2.7839196746624655
1.0,1.0,-0.1158559582626908,14.469507644812941
0.8688177719662817,-0.3954451116823787,0.07344697055546878,1.5088463837061925
0.8910026990322821,-0.4679093554258045,-0.9363941529565654,0.4504268859345763
-1.0,-1.0,-0.2258395555826893,6.244132179561434
0.31756355344000986,-0.44424497439878863,0.4026376614026057,1.1243043304044118
-1.0,-1.0,0.6925616337607501,15.16019836969491
-0.9698814472123327,-0.8913850657436639,-1.0,3.223412865093804
1.0,-0.38560040146025143,-0.351168730019195,4.816574463258463
-1.0,0.24100836178425067,0.42312026328711005,-5.075293408761192
0.22522346653985714,0.6644304249545918,-1.0,-3.5555675325103815
0.5379675105365549,-0.5533095692824743,0.04751555395142315,1.2512677356967772
0.06638775648128514,-0.48458458544198235,-1.0,-5.366366535903422
0.622927952355284,0.1726266357572439,-0.3900722683353639,1.6902116675094514
-1.0,-0.9772824412614933,-0.28798518740237733,5.280943755869152
-0.9078657277766036,1.0,-1.0,9.91588157317423
1.0,0.026436725023891716,-0.7874537583331929,6.70363946606369
0.2648374854472748,-0.3144079447435102,1.0,-1.6870767391448125
-1.0,0.8529250850436974,-0.6509724610031666,7.787123389587002
0.7210951059323272,0.7909201572563367,0.4501189378171089,3.250600817458617
0.7159013686279938,-0.9035966784063867,-0.9542617668234346,-14.222669728241922
0.697054827787924,-0.776225942822842,0.5419191599872899,-0.1060108550624424
-1.0,0.5020619494606684,0.2276681074283573,-3.575520937558034
-0.0035049713144470473,0.04406728487278322,-0.8424864032512924,-0.40623452195636633
-0.8116488490300806,0.9002025923708779,-0.06718482217864397,0.43259553138923357
0.3249385996218601,-0.11275091292618789,1.0,-1.171673543442844
-0.1204749579827844,-1.0,-0.21145349199513164,2.58020371956278
-1.0,0.4375912481831521,0.5710348690697213,-5.584385367523161
-0.37729581494436104,0.5361307124306098,-0.1720762522732875,-1.1770169075192307
0.4359588998148487,-0.3356050853733874,-1.0,-4.781309685402097
-0.31095150070431665,0.7183076881473298,1.0,6.4576789341793175
-1.0,-0.44900605039972974,0.8468403014771981,4.147987821573397
0.40356969688923927,1.0,-0.01913177504236696,8.6605112883386
-0.05778996654388835,-0.3558438352621005,1.0,-1.3405080417911333
-0.571812544598852,0.8061545824018057,0.9816213177571835,8.872556235111604
0.9640324226791857,0.28689911727195305,1.0,15.8680231946241
0.37426430656907206,3.796921127241504e-05,0.07795139246583793,1.4599087977544378
-0.185735813435703,-0.1667555691453675,1.0,-0.09114940070422331
1.0,0.22587268415483996,0.812250029590107,11.860842439889478
0.3002283420420975,1.0,-0.4563341296354986,9.786021907587953
-0.11049773129416574,1.0,0.6107391572875789,8.523262928308007
1.0,0.7252278400378898,-1.0,16.637421732793133
0.15339656391873868,0.17892285496061744,-0.803489589921091,0.6324421005084785
0.6373060436490774,-0.8966230124195298,-0.9421777594213432,-12.515437172788797
-0.394942725005631,-0.18882132676062335,-0.10169760303804631,0.21474110579070405
-0.989880840442795,-0.28357061624759416,0.06802698966047127,-3.255200643808933
-1.0,-0.26947514128426864,1.0,5.438148552366558
1.0,0.9536972118403975,0.40129612444221885,12.223039298477342
0.5995270419204888,0.12963517264092062,0.7823022517672729,1.6614192422931888
0.8149555485023694,0.8615293921761593,1.0,14.267588870442047
-0.8787378546518263,0.7257800380855395,-1.0,7.204110109871393
-0.26660329920556736,-1.0,-1.0,-15.412900103269186
0.7157179529678617,-1.0,-1.0,-25.536062195375123
-0.9494365637104922,-0.8671207684089055,-0.011010353069469847,4.8763583983853955
-0.005414917165103894,0.36910170346670546,0.55423544548889,0.6067015772070601
1.0,-0.7094020738859448,-0.519455745005234,3.504435368910146
0.1582453416541172,1.0,1.0,11.228155668206194
-0.23993985439342458,-0.10435928997643429,1.0,1.0106225937450337
1.0,-0.5331367456117586,0.34130011219284206,4.003409451224748
-1.0,-1.0,0.008114513291963554,7.99505754160237
0.09294883044599622,0.6019098105305425,0.9493303108749351,3.521835099756558
-0.5084690567458181,1.0,-0.9328123645391821,2.356424984231783
-0.46694298222265695,0.8064560003172421,0.3474316826217043,0.3528685610730314
0.2319450127293985,-1.0,0.6999896008819617,-0.2995892994496743
-0.39887685134371287,-0.5127122696787061,-0.5506144444570431,0.7673404355704226
0.948217826120789,-0.2660337164725519,1.0,5.359036645398307
-0.000340796055255721,-0.4858714031578979,-0.4185963041867016,1.1429947061042165
1.0,1.0,-0.8030406392707781,29.705623895253712
-0.9138730084489526,0.053635787731877604,1.0,3.3149751773893485
1.0,-0.0428822157358979,0.32396162367041215,5.438986896184998
-1.0,-1.0,-0.3835885697615804,5.986851445422507
-0.1903896678410537,0.1788037775299509,-0.10050316305980722,0.06732255166589876
0.9749413898282782,-0.45878538132060065,-1.0,1.3542622835533533
-0.8495497444894999,-0.13399168184523869,1.0,2.7767608357921785
0.03922756212367995,0.8968179682891797,-0.7267244456272248,4.194925284621225
-1.0,-0.878499379405941,-0.26194942707618063,4.003272498038004
0.646572588228564,1.0,0.16016341975123338,7.002925989149403
-0.4591872248838913,-0.08197371472139103,-0.046204424048811976,-1.023991347876894
0.09956020519105446,-0.33529526324033543,-0.8333672635973015,-0.7077533285216357
1.0,1.0,-1.0,40.3280429100571
0.9768955133466899,-0.4470932266843781,-0.04420403120295413,3.4393391536777025
-0.4722018542388693,0.20248560346835487,0.3541747513674902,-0.2758063750780112
-0.2004517450641521,1.0,0.0752536769015244,7.227685807897248
-0.42764086934118595,0.43048572153993847,-0.3623399603089599,-0.7713036899555171
-1.0,0.6869038388642692,0.7893478468678976,-1.1617029595873103
0.4172246067863581,-0.49105476860414266,0.9797030439734244,-2.0326392091255
0.43749256846386175,-0.10690563801879871,-0.9658780986020958,-1.5507176105665423
-1.0,-1.0,-1.0,3.031563939092912
0.19663126818295318,0.013763764359409514,0.20529563705956022,0.6011174231647383
0.41405246577227306,0.3788941323711441,1.0,1.970719910374084
-1.0,0.14030275444389906,0.3689535842365226,-4.696098450371919
1.0,-0.2256917886504104,-0.05111637878245623,4.426053340805417
-0.5248728861675958,0.5841720528287633,-0.2508884492786849,-1.6578715369536656
-1.0,0.5385648534667462,0.892272541720813,0.013592251300542924
0.736516436200289,-0.593284174794023,-0.2763459071529166,0.6675301360620478
0.3530346339528543,-1.0,-1.0,-20.231115087070712
-1.0,-1.0,0.8223872602164595,17.480469977556073
0.12319505453556179,0.10357688181797964,1.0,-0.10577035362801179
-0.9969094568478345,-0.019678420973867405,-1.0,10.331599275400658
0.9626395282179065,0.022100558986654972,1.0,11.179558019486556
0.17945724765614313,-0.6507720962947228,-0.8999230172199346,-3.5503386888287256
0.27767033416330245,-0.2682832382806737,0.036461250481060414,1.2100207922694437
-0.3860363128821034,-1.0,0.41112722628612675,2.8881810107062162
-0.9381115405046949,-0.8310079737957707,-0.4360453234579742,3.4491882813363457
-0.20680249071871226,0.2937550835250058,-1.0,-2.85842996473749
-0.7920649044185031,0.024728750669540167,-1.0,5.045212307778729
-1.0,-0.4627872664675694,-0.44432523307846084,-0.9123481233291565
-1.0,-0.07042555310549825,1.0,4.320163859780346
0.6145225269480947,-0.41374483086656033,0.59775883105071,1.3245136528275308
1.0,0.013647178771041713,0.11980335228842343,5.412224184892565
-0.5245223567898654,0.07841543899968517,-0.8100232206616078,-0.25034998667409636
0.8956162337250353,-0.7935302311852765,0.689375159970737,0.6344224628806144
0.8290872965510652,0.7758455336008303,0.9262405832059266,12.437160398602002
-0.7776535605682098,-0.30027480451620514,1.0,4.17514276543845
-0.09389759419456256,-1.0,0.7841223341928953,-2.2235212342328152
1.0,-1.0,0.7367030805093813,-6.0739469751646515
-0.1408397089618154,-0.04828849033971805,-1.0,-2.910487811670453
0.29575999803824793,0.8113778528099322,0.5255433440632256,2.8379479612487817
1.0,0.43820185447580795,1.0,21.091368675723682
1.0,0.33817194951568563,-0.10625176635983347,5.4404563948832205
-0.5410703599157254,0.31370189563164286,-1.0,-0.444032930162627
0.6922983283696509,-0.05581441366794704,0.6403491113462667,2.181616593754621
1.0,0.3136921808732329,0.033225497447819885,5.543002791738784
-0.17944979966379138,-0.024397608804708204,-0.3294288584094285,0.21824857317995394
0.0008355870028440293,0.6800863048879711,0.3368245646953296,1.6288931890587977
0.2521244335386059,-1.0,-0.02581762046621039,1.5040734096456436
-1.0,-0.04715426647036436,-0.33852344039632176,-3.062209467453123
1.0,-0.5544008088053591,-1.0,0.5386268019626654
0.45290861125927573,1.0,0.9196449217428984,9.45284703612006
0.6222981240395997,0.08220751772016066,1.0,1.3982846839088505
-0.13101930917028826,0.30696716241191835,-0.09831843738546064,0.5301681952837745
0.33197942790713353,0.9494591921524611,0.45954321926058794,5.532574106251846
-0.3094768905284091,0.381177336067273,-0.3198772198943567,0.27649352213476364
1.0,0.3575882744635954,0.8663319783230765,14.819584328661504
0.3056655672640156,0.7942980296287407,0.08877578307554224,1.940462426055108
-1.0,1.0,-1.0,21.5160403284507
0.5345986721612803,0.7782962779950824,0.011031810256210806,2.0710397229195117
-1.0,-1.0,0.1579989043886063,9.947060679551424
-0.4201251613799355,-1.0,0.3137052344269464,2.348868771541753
-1.0,-0.5854653174746929,-0.1777632861303542,-0.9895039474692882
1.0,0.8626424975665836,-0.3714093433079664,10.471308974931459
0.4613465031470214,0.15108870382559747,-0.002208921080393722,1.715805718577956
1.0,0.023536481303161327,-0.11149904448940973,4.751823876557219
0.8611276861256543,1.0,-0.3501562210468938,13.073630260224112
1.0,-0.12003719121341283,0.24196560257650512,5.5546431006135135
0.611226662460175,-0.9314628509263476,-0.7622586565780993,-5.498147960653443
-1.0,-0.5318568379946447,0.6205298600722964,2.226556261161177
-0.649664569505576,0.3558870580663349,0.7607306600054065,-1.1112906058367034
0.2981856317008287,-0.8885001424616026,-1.0,-13.873150277571982
0.5492848964346799,-0.0012447817206047151,-1.0,-2.3822853890223943
0.766958721832562,-0.5868815923628841,0.6053295779702905,1.2649343075327573
-1.0,-1.0,-0.3594081883239326,6.496557957334073
-0.19288267589683428,1.0,-0.037886970405058396,6.604903163161551
-0.8289022395186694,-0.620100872056889,-0.0010147958545076996,2.250476841801614
-0.16240826048743995,-0.5322945921952786,-0.6574871006722167,0.465841833719665
0.47421766492231576,-1.0,0.18219212181496203,0.22908116457345673
0.6335231187928019,0.2909802179358949,0.7699626148085605,2.4644273216831127
-1.0,1.0,0.597896442449489,0.8133510722821915
0.7406758688561108,-0.7006455606860102,0.5904968942479394,0.8716378873722359
0.8825082419398647,0.020315327077317535,-0.07153316576987079,3.357795718091411
0.19623095677307,0.49876749239298146,-0.18947684752129845,0.5186885710027648
-0.5583234833956918,0.21973425692430748,-1.0,-0.7221500119108246
-0.5301203324452279,1.0,1.0,16.39987748890886
0.34210101473484,0.2495831021274657,0.04195993705147516,1.097827690185926
-0.3502926474446588,-0.26756251268979736,-0.5093470050133793,0.6085100221169533
1.0,-0.3310438217467757,1.0,6.853923618912761
1.0,-0.27876122321354213,1.0,7.802606317274143
-0.8074003407309032,1.0,1.0,16.76517714782903
-0.8621446780593471,-0.3162971787939406,-0.8123208108894671,1.8240373343585734
-1.0,0.5248246012085911,1.0,5.688913424569922
1.0,0.457618080790285,0.3443980260813284,8.07505036519382
0.3406068132246456,0.6145641602473539,1.0,4.80826416321608
1.0,-0.5770965778074895,0.30163140724490156,3.55782701759164
-0.544290465160113,0.9969168315391947,-0.9603882086493651,1.4242949344465274
-0.26681694533468314,-0.3718361215442394,-0.264299725139582,1.9006653715371993
-0.2534247278804167,-0.3028606757815302,0.6063392921835784,-0.39045038675544413
1.0,0.45574380477153653,1.0,21.370698084700138
-1.0,-0.5695131311632837,0.25819849392541694,1.1773128381723679
-0.35324407232288246,-0.688415482538552,0.9208054716225409,0.4266157461104413
-0.9800234272072363,0.4409357286222373,0.031724026314810194,-4.312334850873418
1.0,-0.689733431477223,1.0,1.5440487979268007
-1.0,0.8294868464097316,1.0,12.55997571947698
-1.0,-0.9419928158075899,1.0,20.994211900694594
-0.1585415722159469,0.1885822147304006,0.4198698506120684,-0.37820708641628564
0.19474427760114832,1.0,0.355636368698659,6.858637886498033
-0.7818160757987551,-0.5572252569424829,-0.21684971815942555,1.281527489278898
-0.3273416184496101,0.1281700035172042,1.0,1.2165988515198292
0.8463104280010041,1.0,0.599708470599299,9.619984133022523
0.09724119228917183,1.0,0.8430513676372267,10.122266522337537
0.32602815385397776,-0.8567873475212706,0.20673000986769163,1.3533922071675155
-0.690445525466105,0.3460946246927321,-0.21141146309713377,-2.1429699666426894
-0.9139865622396002,0.4462880972544996,1.0,4.437995059264584
0.03556799834831392,-0.5630804246290353,-0.10893882346756034,1.082916114314686
-1.0,0.12185348957456776,0.24127704350512102,-5.132055746778513
-0.6234018261820449,-1.0,0.33462377107851227,4.9153502262081945
-0.4474074490293416,0.9027693975443081,0.3105924958145503,2.945165953217724
-1.0,0.7506173124430502,-0.7902905303999885,8.988453448292608
-0.7094969743565622,-0.563308747203926,0.3009292231113001,1.589702177111732
0.6929106712966397,-1.0,-0.5491942605116831,-6.649318291926593
0.5334792143684624,0.7651972091641033,0.581121552642639,2.611065377557429
-0.3527216244997029,0.6995625346512078,-0.07676485631731422,-0.6136971078109371
1.0,0.4641653072896621,-0.5812251739190599,5.920918003022561
-0.7849521066953657,1.0,0.30433294339207384,2.541835309036254
0.8758173859178691,1.0,-0.8231787285639691,21.295926460811412
-0.22663405173487217,0.9033043059186476,1.0,11.228466445343535
-0.6199262451788876,0.34819634540259226,0.33997596234798655,-2.3527820464824805
0.1782298009373473,-0.06712534289342553,-0.467263673319672,1.5543625189684753
-0.3424021923728171,-0.20854620272920155,-0.7387526349295168,-0.10973930655728509
-0.49198071719333814,-0.18401468168121338,1.0,1.5230994895250713
-0.19807767417063937,-0.9528451170372283,0.04745137508867159,2.8115453946462226
-0.4857849238015908,-0.14070076513989194,0.7944869054725714,0.03982575887988993
-1.0,-0.7772958210930321,-0.21602380156636092,2.5373261160105742
-0.023063059901942573,1.0,-0.9781442830431444,4.770636724109275
0.09645799473076178,0.033466256575990894,1.0,0.5158768280490442
-1.0,-0.7271992210453584,-0.340997173688105,1.4477525004516045
0.3132067056014203,1.0,-0.6770289859049539,10.64417848444239
0.8244587401810282,0.5363223149561411,1.0,12.461299470932245
-0.7645385602421804,-1.0,-1.0,-4.955068881506772
-1.0,0.7588384582089338,-1.0,20.082967580769687
-1.0,0.36770474808944886,0.43353809617431804,-4.6218855448504135
-0.9470412870673139,0.20357547813549814,-0.7268082339945048,1.5523320660219468
-0.038288045950323424,-0.6330321594215442,0.6962674113786909,-0.5157865461925387
0.07469939450931906,-0.1271014175675267,-1.0,-2.9817015141295373
-0.5987844470937844,1.0,-1.0,0.007142662578661474
0.3055727930902996,1.0,0.5602116346739436,7.347891253833043
0.2185175566315236,0.3813894805584417,0.21517658794618244,0.8280579088027332
0.9791809535114517,0.5856043561138657,0.13379090098223867,6.859788801771891
-0.030009722044589182,0.10326468756631813,-0.06086619489024736,0.37761115261608336
-1.0,0.6301190430312957,-1.0,19.371329522696207
-0.5046942346160286,-0.7870347966505655,-0.1927968450652855,2.546667012476724
0.8560455978951915,0.0812029954488298,0.3767685421940985,4.259508473665009
-0.9127424473663015,0.0974512829217209,-1.0,8.546200012033253
0.5916066936653117,-0.6499398696567831,0.07116159143483358,1.5347880649732004
0.06779989083037896,-0.48377140908738525,1.0,-1.739794020500462
-1.0,0.1740482375905006,0.2552706608001456,-4.37243783155115
-1.0,1.0,-0.9289863118442938,17.981627916804978
0.22062368520655795,-1.0,1.0,-7.136218069117231
-1.0,-0.7702889680004008,-0.16216295277642123,1.8114869768811899
-0.3058434613037462,0.9238815716382649,0.3194370284478725,4.015954973655572
-0.11093581398691343,0.07412358607743186,-0.8854261983352965,-1.2802200495206457
1.0,-0.0973882337219043,-0.4057535365118756,3.829487298356106
0.0754930488945944,0.7719014042890315,0.13872403941109557,1.2564847965537562
-0.024944970749965822,0.7997314057881824,0.02600934222588025,1.9585076366124032
0.278021309800188,-1.0,0.7789024109634406,-2.2705923192264006
0.8709248441423569,0.9217831741394453,1.0,17.39798841455244
-0.009805767964280454,1.0,-1.0,3.7444403287641563
-0.06681337035168844,0.6615207299354997,-0.7577866387805721,-0.326917984864639
0.6772022085521918,0.44299906707532455,0.4759592614807586,2.1662427702983607
1.0,-0.0011531972483855846,-0.5075453011004234,4.586489298854913
0.9776668686873136,-1.0,0.7504025096336906,-5.925572129584044
-0.4691013025945363,-0.11811815263534409,-0.22748037007963906,-0.15714529031820085
-0.05967753431502665,0.4399961705704247,1.0,3.0801659519717077
0.163684761328591,0.23570965358847262,0.3920084779882056,0.7460775310710598
-1.0,-0.3528569225366478,0.7840156754619374,1.1443853730072782
0.28610575447769926,-0.010969120203574212,-0.09173076351425746,1.3887083986920068
-0.6401446980892824,-0.07139548347587454,0.4210182832913234,0.2667595667797067
-0.9401181432757171,-0.22158712560845806,-0.6921779768218927,0.45323003367219866
-0.7735614982477281,1.0,-0.9760568767296236,2.898095294286062
0.5740648057290909,-0.5580332683148559,-0.12730110118088556,0.8164569798063501
0.9629117606453572,0.4552392083946615,-1.0,9.40168553760696
-0.01750330829598057,-0.1526400462841906,-0.18086741594904576,0.35907141406786924
0.6884982164157412,-0.15451684948275335,0.7842409312832306,1.506925573231695
-0.6090531686333662,0.21470607514459084,0.18865350676952475,-2.1043978922038513
0.0310468201385683,-0.020754271854900752,-0.16009832885547826,0.23006952143249737
-0.09292209491549586,0.6365869524832728,-0.17612304409262047,0.11664711019242158
1.0,1.0,0.52217690848234,14.106059594215271
0.6006361809552339,1.0,-0.36179401422232704,10.272829249570334
1.0,-1.0,0.06603236018021552,-7.791691777172783
-0.745784824909705,0.46855958534027686,-1.0,1.8240323236980422
0.026538190991972188,1.0,0.9587330165354564,12.148124060606921
-0.2291244958263361,-1.0,-0.09456704440487562,2.40594798381173
0.1709793992324371,0.7978824604166714,-0.24816150443051055,2.4527854679651817
-0.41019897073586264,0.6085227855928352,-1.0,-3.3856408699225415
-0.8445620066145718,-1.0,-0.2941942650769007,5.967120087068542
1.0,0.13962236932395666,1.0,15.085856723203415
-0.6144881347619287,1.0,0.46808295910204367,4.8618126859433195
-0.010199725746813382,-1.0,-0.7470923477560498,-5.220043659027321
0.8194519078124818,0.026268841817646216,-0.48408296912064697,1.8349725543039292
0.0459576934968422,0.021553546592403716,-1.0,-3.281338865526558
0.35202295207454637,0.6018606079144686,0.20249165101171207,2.0982861344258374
-1.0,0.3165942546316174,-0.13430589784562974,-2.981094843874425
0.4018371003620702,0.526951441015052,-1.0,-2.692463341334195
-0.38252050449530883,0.39357701193690176,-0.7347616285344996,-0.14090366790485598
1.0,0.7155990560968455,-1.0,16.393331007798295
0.2726167501989367,-0.0980317429489852,0.39941048964504633,0.6335643692854855
0.4947969344674088,-0.5259461020618639,-0.9228339663920835,-2.9415829469674217
-0.4467808180424846,0.28960616533124517,-0.37564262768116197,-1.3694801390027935
-0.1042988606027031,0.6101212302713539,-0.1303927671544054,-0.4864653521631541
0.762047666234206,-0.4235407194353369,1.0,-0.8266327038462821
1.0,0.7130809361807511,0.43453879039266297,10.07631555307123
-0.7844825346708255,0.4732069743716012,-0.5098135112549105,-2.0758050730462663
-0.7392496257871317,-0.4376390240365562,-0.3011592749632903,0.36340474590839206
0.4054112017126865,0.27332117357864383,0.9846357928172913,1.5246794412489497
1.0,-0.9727378139853398,0.0952105308151514,-6.1904518568313796
-0.25739210187934947,0.7409700514616582,0.3943282259881369,0.8651153213365292
1.0,-0.4362657825856042,-0.8465703564646765,6.784866751254596
0.014243038456796642,0.7025515592358071,-1.0,-3.6624761996422057
0.262106421268649,-1.0,-1.0,-19.56455863127545
0.23613888719359832,-0.7990116478811893,-0.4558071285254679,0.7724550915140856
1.0,-0.07827765049173419,-1.0,7.147800306033029
1.0,0.16104140232560193,0.9402303917660535,14.093820161172204
1.0,0.8971856084244969,0.005794829199180729,10.192275695250325
-0.046083604070753514,0.6029788349000644,1.0,4.260629381795821
-1.0,-0.16523169117577852,-0.021786641081495084,-3.910625197436116
1.0,0.0032982510566736956,0.44777585730550107,6.077258123014169
0.28722936737731075,1.0,0.578667400063182,8.0045629068501
0.12869765964393776,0.5842978334857176,1.0,3.644780541561637
0.005903084855619856,0.673001065075719,1.0,4.998304333967798
0.33514424049568414,-0.6785315454031136,0.9778411828891962,-2.509352394980891
-0.15664872978264022,-1.0,0.2871795308671985,3.094898758916966
0.6882750740938495,1.0,-1.0,11.581992464027284
-0.29636607231518197,1.0,-1.0,1.5582519413388973
0.8185535884550017,1.0,-0.2744807923176298,11.777703178288581
-0.10760421755346705,-0.07918450415571376,-0.31236096229251653,0.8201701944578174
0.15467730805328883,-1.0,1.0,-7.052364052166961
1.0,-0.2561787453277793,-1.0,5.679923760218199
1.0,-0.5143389576477075,1.0,4.575007156701577
-0.9729237622498224,-0.7948263326183331,-0.9187147920592516,4.277388166010603
0.44860315863567113,0.3726860858987022,0.29006401087888967,1.2065180391494956
0.8854919487586856,-0.5517417502906783,-0.5414111705006954,1.7040834260934403
-0.535237800301616,0.562592599266994,-0.13833527658901246,-0.9528013940859968
0.5429667558775624,-0.16115623532816348,-0.5736535643583085,0.7544803439525414
-0.4432320813526247,1.0,0.9834347778199006,15.832075165619965
-0.5431201064056814,-1.0,0.06916900313169894,4.127882851119518
-0.819968438996105,-0.5021687080348751,0.9080545654441574,3.229144479924757
1.0,0.11501786149045734,-0.5565438165158367,4.763624357900289
-0.7007890143488242,-1.0,0.10177907088832039,5.24341908238467
1.0,0.2044898592808322,1.0,16.017086132041868
-1.0,0.5795516959422413,-0.08168511803848033,-2.7913817089677555
1.0,-0.2212415597115842,0.4208805000726126,5.812328261191991
-1.0,0.2907805186049295,-0.5168693326022045,-0.443474567681418
1.0,0.1631779508723017,-0.8893649277057332,8.453656961559957
0.38297238543642376,-0.5577055141208533,0.11583210905946695,1.2561399628531662
0.7530457695175587,-1.0,0.49049627550110175,-2.3024164375896174
-1.0,1.0,-0.6754636673094627,13.15089208383962
-0.9789377162352617,-0.2701584259593395,-0.8336381737222303,2.3872337337118372
-0.013058969530574505,-1.0,1.0,-6.809941598740419
0.05950146077404295,0.12305766971351328,1.0,0.516415290814761
-0.9180223564135679,0.019289067309768315,-1.0,8.232139842899397
-0.8592868624934706,0.08873532329233824,-1.0,7.427892442903995
0.035573954549920295,0.8184126918523895,1.0,8.754407737181243
0.9050870287315875,0.5267993670002613,-1.0,5.62721301013667
0.9535401169159068,-0.04221753655769933,1.0,8.513602056576998
0.07091843082108928,0.17411570370524543,0.6141371253752812,0.21465275826874863
-0.5990083054009236,-0.34837210661324214,1.0,1.467349555280931
-0.7581856811253642,0.15337553579471885,-0.37740751733052313,-0.7557272623056928
1.0,-0.3652376270069557,0.727524220595759,6.333936920089737
0.33814682868996715,1.0,-1.0,6.362167147677917
-0.06688624582763913,0.6554744101687591,0.38271075985998504,0.2617728300092717
-0.6577719709156244,-1.0,-0.26379093697383427,3.7969757046159724
-0.8562201615524483,-1.0,1.0,9.88971098693514
-0.10827708646951484,-0.2814633969952407,1.0,0.1701902768193242
-0.3984031267004109,0.3175556908923156,-0.2995667554579795,-0.6729876454604755
1.0,0.5918264996319227,-1.0,14.60235369314086
0.6294516384220126,-0.17070345917492613,-1.0,-2.2204179364632424
1.0,-0.567644038150056,-0.2340275826797491,4.145771305391188
-0.860061895681483,-0.27072017684684435,-0.7320888825044725,2.1588429386466457
0.3659287132601179,0.7324952595263414,-0.17145272847231552,2.99835447263467
-0.04434596103859212,-0.829100086436563,-1.0,-11.216567491516852
-0.2258427035518813,1.0,1.0,13.932487616483579
0.28389381444226447,1.0,-0.4415968438487592,10.970026942945491
-1.0,0.7318009948133377,0.11704215337203139,-0.8012384264789625
1.0,-0.3824937469846126,-0.6834727393466522,6.020941736187558
-0.7957076159074739,0.26835424561007915,-0.0678030382891246,-2.6561285816845106
0.8307659935796758,-0.08635699745513414,1.0,3.254056141649801
0.11758415947802692,0.7809348400223692,0.4287986013718039,1.996030914051902
0.901445926845295,1.0,1.0,19.048562231077263
0.2570480022654429,0.6108591693729126,-0.3363086409440177,1.1867884247261096
-0.849111411463985,0.9585264124686577,1.0,14.680462398603874
-0.5762311823822719,1.0,-0.057566457604060206,5.588011701833901
0.9663568264135087,-1.0,-0.07628818751326527,-7.679414954600993
-1.0,0.9636458922525613,-0.38869475981602863,9.385545774052575
-0.6364340128181796,0.3318301475265908,0.7852211475235735,-0.711996762863117
-0.7644194039003789,1.0,-0.6476605045762169,3.7921049063443535
-0.9664373746128827,-0.5946117516939065,0.9014614754654551,6.853285556435788
-0.317033590158196,-0.29297570656483085,-0.3687419479995233,1.06652131378918
-1.0,-0.19194342444343615,-0.4337204869616236,-2.9886028358772525
0.9038618709941897,-0.3106205802774096,-0.9505326375613954,1.8563397766785545
-0.7894109123329385,0.2601028998199095,0.8715478334771629,-0.12065211425197735
-0.9980018932131367,-1.0,1.0,21.879762106906686
-0.9303051107142917,-0.009746158060313093,0.15270808432433225,-3.374748815392231
0.4874309025903585,-0.8884541597554441,-1.0,-14.715797075617992
-0.056559603838224115,-0.5936326015873257,-1.0,-6.00077127103094
1.0,0.4016767538871182,0.029685684846860072,6.285279342676457
-1.0,-1.0,0.6603385834828137,14.93036171984347
-0.24889816304116352,-0.4834343295172667,-1.0,-4.235856190818413
0.212708556112843,0.3210191958078137,-0.841881201795099,-0.15594306832132615
0.05169192894409358,0.7151282220825437,-0.9824505496647231,-2.9462489007256787
-0.29000239482439705,0.06948456628989552,0.5709159069293852,-0.45745293247313734
1.0,-1.0,-0.32193069156922194,-9.873337854763571
-1.0,0.15302470092270037,-1.0,12.538167330710111
-1.0,0.42672314205202455,1.0,3.9611754868385334
0.940439087918556,-1.0,-0.7375170383139917,-13.896496132801872
-0.5585964936352816,-0.12961690756321653,0.5200377106288114,-0.3071996669947298
-0.4895004140736423,0.2902374743986753,0.9039506108844184,0.6071000922498515
0.42559545950028643,-0.9097629055928986,0.8093337663140827,-1.9696891807985275
-0.3576722035697255,-1.0,0.3364719260651645,2.434519039573669
0.21713471370126802,0.31681795700883586,0.6097678123907297,0.895340130975977
0.5049222905550299,-0.03990975062602109,-0.035491492121224155,1.3747876744556327
-1.0,0.19920292633407244,-0.641949977792081,0.42717726971537406
-1.0,-0.19594410054099964,0.3904921948387914,-3.1348231407453597
1.0,-1.0,0.335734094690199,-6.690728474770891
0.17933629555312214,-0.05048209547698024,-0.3278807328727673,1.7668499340873323
1.0,-0.15186807112039058,-0.7385103033834535,6.139805532879389
0.783611516960121,0.3592477044345048,-0.3274111362433758,2.089980472740764
-0.4562212318632799,0.9768990800765456,0.44019477408064067,5.03246102060494
-0.48941782389060284,0.3520977691602216,-0.17309193731787764,-0.9640322524751634
-0.233092687649193,1.0,-0.16356352206508107,8.308258784190793
-0.8497549098403385,-0.4732764863133472,-0.6186392026820118,1.5846295235840226
0.1472156813068748,0.18686516054889069,-1.0,-3.434303390761214
0.6650640567297084,1.0,-0.3176129410306394,9.973424283056291
-0.8042845499702733,-0.4565732479166438,1.0,4.071106229866279
0.5774796520609125,-0.433523404553392,0.28569763721659536,1.4538172924726704
1.0,0.14802482946839968,-0.21873668046388794,4.732920200878888
-0.7812579204417383,0.6383549986077082,1.0,5.870134715170304
0.9131345214330846,0.1541265642934273,0.045868008156290774,3.518915185732696
0.63283355210934,-1.0,0.9959663293499914,-7.183598558889301
0.5477460005135975,-0.5699911062322784,0.8637302550145454,-2.1681343823980823
0.9183250499674145,0.5560862619322959,-0.5324877141785189,4.149571079517232
0.19172330407401317,-0.20287248063031926,-0.23883661976292103,0.9157826862801377
1.0,0.08532508574907016,-0.5921288848727615,5.267134763768021
0.701880893468827,-0.3413940077183477,-0.3055371991836813,1.1176597170553646
-0.3708750882473919,0.3978423104604325,0.5977128801720806,-1.0536278334109057
-1.0,1.0,0.6705371223943497,1.024908686287043
0.6650898745525229,-0.19140270757898792,0.8244342535495393,1.089557287494051
1.0,-0.06882881748009306,1.0,11.260568058568373
-1.0,0.46596624587864666,0.1559029724157428,-4.514532978160513
0.3425811350588017,0.5116706281361105,1.0,3.7659766399527164
-0.5015316239836081,0.3388511921645909,0.8631574513319316,-0.2581466767872362
-0.6291572431535286,0.6864982160782707,-0.26214435156779103,-1.6701567712263998
-1.0,0.13873291589098402,0.4302098425335199,-3.6653741934796544
0.07866731134590288,0.09842785082797678,-0.013925913503460396,0.8592735964211764
-1.0,1.0,-1.0,21.313296140050554
0.7971689917545766,0.5360004293849925,-0.5330176279540817,1.6755766566564991
-0.6373147389456653,-0.3027708118451573,-1.0,0.6379809606403852
-0.22228426900252884,0.3553842847489299,0.025689834842232306,0.7940706560144384
-0.6763761508920478,0.805405414185917,-0.6661389779232598,-1.6299675009775594
-0.468759175827125,-1.0,0.1244754997732167,4.2221912935931565
-1.0,-0.37427416286517756,-0.5558808588896658,-1.2015916629489953
1.0,0.2118781072048308,-0.0620324634015017,5.43663764994484
-1.0,0.49033134366169984,0.17760414356514787,-3.4588531413468715
-0.28549772285167285,0.292350770110116,0.1168329323628754,-0.3531582614006936
0.4244576407544507,0.28032119089850216,0.6267935862118545,0.7461198498687651
1.0,0.2954460837764037,-0.7283346017376906,6.995798263844536
0.9851334028289613,-1.0,-0.6293460199698544,-13.050661152284322
1.0,-0.558614143612606,-0.4014638261885193,4.446608628141154
1.0,-0.9521047632176669,1.0,-6.324019876237026
0.15146781128887254,0.0631545576846575,1.0,0.23887731223643363
-0.008417619880065619,0.4396574575597634,-0.9896421608453583,-3.713183984183087
0.33115784073400745,0.738489851891774,1.0,5.1128419666346305
-0.9825898515180369,-0.8387350180396815,0.4406126391209604,6.296349400119994
0.035612502718158856,-0.10619788915008321,0.6095093902087796,0.33991356644368753
-0.2860840832280993,-0.275554943016012,-0.09358743132484659,0.44738024667344867
0.6981950778202335,0.16460867199305107,-1.0,-1.1787247275224333
0.2765145227651393,-0.09511322322320526,-1.0,-3.701311193474858
1.0,0.2556897755577461,-0.6868538122999033,5.380986804121969
0.7034181897284679,-0.4834104969228945,0.6992691035618706,1.097120082363579
0.31577631094418734,-0.19824748427240801,1.0,-1.4246247355783093
-0.13919703484299317,-1.0,-0.793365355604799,-6.193006225770913
0.4205320523163223,-0.6660697403562019,1.0,-3.102696282014758
0.3600170760179753,1.0,-0.7522550777085926,10.962079664988318
0.8604085188092747,-0.5372349897695232,-1.0,-4.339273647384892
0.1160575312541745,0.10146299312294427,-0.2661344757237005,1.9591847326705256
0.2377628314191771,-0.0005425716020674987,1.0,-1.6125755346871868
-1.0,0.987213347820384,0.11367497754873135,4.63029789659669
-0.10604463877949599,-1.0,0.10823736118925953,1.9693137519801418
-0.7391194408324451,-0.5155935450334201,0.2498904261831949,0.514531143802329
1.0,-1.0,-0.17912455500589686,-8.849392954735587
0.18061915566815823,0.48732955753842244,0.43397429679893085,0.5022926404686099
0.4321750086814127,-1.0,-1.0,-21.719149506743815
0.03163024370858292,0.5073704041463925,-0.20873189816667082,0.40749171024248493
0.06673019687953285,0.1356447650735353,-0.6071169012719793,0.729529178767405
-0.9991197367622693,-0.14639063722392365,0.8381956817175886,-0.1390461018322219
-0.04106593776705636,-0.029017764499322807,-0.4235309636248856,0.8520335501854115
1.0,1.0,-0.9200273858020107,35.36822299134987
-1.0,1.0,-0.4891752597454371,11.901878262187386
-0.06685368484528942,-1.0,0.5216713406817641,1.558889515805662
-0.6178800510170428,-0.5955667269611176,0.549931838598537,1.6751021379880409
-0.7787589794107697,0.8317101809487495,-0.2403885532689154,-0.5947188215911727
-0.1276046048029904,-1.0,-0.4769769844734564,0.2756145446991742
-0.029481063499380733,-0.2623916632133796,0.8929358022970315,-0.16227275640764194
0.47881567324107976,-1.0,0.8082549142632258,-2.221132582178241
0.1687112340500898,-0.20839976898842294,-0.5527052027921313,0.24771157771959507
-0.06235948654697099,1.0,-0.8149810393638772,8.103720457604604
0.31206879046857194,1.0,-1.0,5.7278488763645985
-1.0,-0.846934558954519,0.12594359355748352,3.6487214402671757
-0.49486353808451544,1.0,-0.12353715758971573,6.008795847947444
-1.0,1.0,1.0,17.507986725379958
-1.0,0.08546262954751871,0.4681494067848486,-4.308524386506577
0.3277641819174999,0.4355717846410436,-1.0,-2.8015295059282455
1.0,-1.0,0.9421135829139489,-7.985044160113826
0.16720173700154572,-1.0,0.5578947124095108,0.04746643232463396
0.42620180990184653,-0.6584380881769194,-0.8228038238331279,-2.8646226934005523
0.5625197950126943,0.11320552958181374,1.0,1.0328781424242637
0.394575764048785,0.3202534311073453,0.8882424448670105,0.8652579892648469
-1.0,-0.7135125688790493,-0.8503708232914,3.3376402298219396
0.17412729553681316,-0.8848464481653868,-0.853182008041929,-5.452292751085057
0.046632238342125154,-0.2544639599055878,-0.9180841555047832,-1.9839585587051765
0.7816848396154372,0.9042414894442132,-1.0,7.5533979866104
-0.2828078643840026,-0.06368925494968791,-0.7668166993734948,0.8328092487851094
0.8515411141132303,1.0,-0.23968724494529736,11.640903984573953
-1.0,-0.37501139070428247,-0.5659896898662928,-0.7200419200283895
-0.5792131943346515,0.8142621753352233,1.0,9.358867544132924
-1.0,-1.0,-1.0,3.978598103177615
0.2242373796559145,-0.6048939340069392,-0.2693275410462641,1.323460006953984
-0.4617091934533901,0.28243936302688244,1.0,3.2254226641217327
-0.42486077382941456,-0.3135431362076959,0.1955855780923208,1.0383411799507627
-0.004722987227038011,0.6796716311079014,0.17531508253332917,1.0061636221260308
-1.0,-0.2649391653087463,0.6146910301174959,-1.8425827483089297
0.798695812626343,-0.39030518128280445,0.08182105068190926,1.2250557847962251
-1.0,-0.6167794363406343,-0.8092900952855586,2.065217500243471
-0.19407284093643962,0.7504341630767968,0.8874067755813908,4.210203359075655
-0.1325633953786256,-0.14066070626446447,-0.30707915729276203,1.3299429306958062
1.0,0.8775224261128016,-0.6560870498408018,13.414669974220594
-0.6023085362981495,-1.0,-0.967458629855056,-8.237962033841633
-0.2819201127469275,-0.8205644476788534,-0.4253618652038964,1.377807160466597
0.7806801236734866,0.2975859349958645,1.0,6.611979718061473
0.7053975392623932,-0.7783193490313374,0.5302489134575792,0.4341481818155994
-0.39116983514237025,0.3966952776335888,-0.4528309434775786,-0.3197219924421036
0.12263894062918834,0.04449281157489948,0.7070299125433044,0.056290748828801446
0.0077370371539795535,-1.0,0.15862544471299955,2.864015167915365
1.0,-1.0,1.0,-8.93686472717585
0.11838997918090488,-0.3230316020101329,-0.17870272936261378,1.8266788453934948
-0.7917398859028848,1.0,-0.7293983884155191,3.373555574839001
-0.3464526959620968,-0.053360381741935026,0.05880815670856143,-0.5691726640008166
-0.9814185193545237,1.0,-1.0,18.537581780846427
-0.9799185374874666,-0.1536421394659797,-0.7510873673172604,0.5033353954143198
-0.15848101451232566,-0.20721968335067875,0.6631314902566257,0.004582083017128938
0.8144358275963484,-0.6095817380862891,-0.20395692501430562,1.5002526817382882
0.8487308786448278,-0.16637440965609063,-0.2881671274536661,1.333932441210906
0.3603845760780571,-1.0,-0.3518962553972398,-0.6037778692281104
-0.651776661231166,1.0,-0.35102302589674506,4.538242863388041
1.0,-0.04022913093926306,0.45281794416143306,5.727699452244832
1.0,-0.09767206909726012,-0.2849450793692141,4.462885963329031
-0.17166572314600037,0.9018431000268277,0.598349631098553,4.3197064503002505
0.05978538816808743,-0.5702704126728928,-0.45062562818368823,1.1281092648586546
-0.3717164059736944,0.17052284141222618,0.486477197845953,-1.5084955086275893
-0.25881736689238344,0.6871097048165085,-1.0,-4.641166237618145
0.3874286878758544,0.3158577937424092,0.664120449336802,0.5762787949237123
0.6894675035896516,0.1517382472853659,-1.0,-0.473229374488481
-0.825482161450702,0.08725043940002886,0.5278108430198658,-2.0627759598856357
0.03571253477688585,0.8081552107841976,-1.0,-2.8847416382649724
0.2977243514505332,0.38156447196155696,-0.09807287901152106,1.5764711666958413
0.33929065500803457,-0.8629764614646014,1.0,-5.621963407105394
0.7238612096786512,1.0,0.46379295949824506,7.434980602752543
-1.0,-0.6108398030202058,0.13031671134203582,0.6094627286758646
-0.8935282339979311,-1.0,1.0,11.682976064794376
0.25172225513141,0.7666071703855433,1.0,6.526628780340854
1.0,-0.4637905777769036,-0.30769718339401897,3.4919213352360723
0.2840822818507789,-0.750955796929514,-0.10072722814306556,2.3381319717294784
-0.3260126888761896,0.27585594167839433,1.0,2.0202787618480933
1.0,0.4631890579259992,1.0,21.53434415353716
0.20782295046488408,-0.17390163139927495,-0.5524276420372032,1.1506049651140586
-0.6732143658983019,0.5230845536158655,0.6766177655439403,-1.7729700795751904
-0.42145573547127224,0.6404061477769665,1.0,5.389966086963629
0.5528458574426298,-1.0,0.7036042941406164,-1.967159311347464
-0.25122895628194075,1.0,1.0,14.357151043084855
0.7901965594943838,-1.0,0.9602488286774928,-7.046763977125414
-0.2613230939951574,0.76489843752016,0.6295640978766956,0.7963834490108652
-0.9060180235903847,-0.6297873570126156,-0.05437467563188081,1.0935770001473148
-0.3847593802737719,-1.0,-1.0,-13.25561305155196
0.791968188321192,-1.0,-0.4050667449117231,-5.3264775142445915
-1.0,-0.39644730132064754,-0.006917285205256807,-2.650322253673185
0.1670591777818351,0.5125400109870715,-1.0,-3.632603863999584
-1.0,-0.3324117071313568,0.059329731560257226,-3.0598851968460723
-1.0,0.4082671072025219,-0.96868457911374,14.29705990043632
-0.6945797433527481,-0.1823212497218092,-0.42435034705425156,0.7183275860593348
-0.33920661685804987,-0.5450843815669466,1.0,-0.3482916831271008
1.0,-0.6099356142465682,1.0,2.9395799720439144
-0.0163176355388861,1.0,0.23017686793614445,7.45131305228209
0.5449548034684599,1.0,-0.7390091404441355,12.344030044629848
0.014906758379174878,-0.18277374306463456,1.0,-1.0377718430711615
-0.4370423670271142,0.01314150805195724,-0.16898868324141603,-0.6132395750070336
-0.7740315107736409,0.18434118508024966,-0.8445400985171885,1.6935762497808189
-1.0,-0.11568537850024807,0.7594386431096205,-1.5171775467015838
-0.9995716912040993,-0.35403471744267634,-0.29394545613301015,-2.368088099933575
0.24917787443456385,-0.7365696042204835,0.11389575277416197,1.1296647877013317
0.392523000355663,0.374772041145337,-1.0,-2.6650005646793806
0.5973782709001709,0.7385222527599316,-0.06218055752839624,2.408619106477002
0.24045838614227932,-0.19920830524483346,0.1377874516747808,1.349898800988054
0.1345468503767162,-0.08214539097940077,-0.6559080939906872,1.5438228874702324
-1.0,0.21639426236461135,-1.0,14.660245204219914
0.5847236602787458,-0.11826027826446395,-0.24153515868359765,1.9475612607407642
-0.8356693606460792,0.04724036576970336,0.34487859704054635,-2.2052391793669917
-0.6058202139749329,0.6847772773539134,1.0,7.262418462106909
-0.9124104773954718,0.5370984095527671,-1.0,10.717106167590572
-1.0,-0.29813929741512846,0.8303461932500613,1.2729245493338264
-0.4942068084694531,0.16797855784190108,-0.11584285203673761,-1.0556283001393065
-0.629475771704795,-0.20757386687851587,-0.30412136246125376,0.19945437906155122
0.8351862215257977,0.35169431766515125,0.44854676407795746,3.8693889586212675
0.8638222628950503,-0.014521081419516468,-0.6198547947712383,3.424244048811079
-0.40687378345166514,0.06996765610441025,-1.0,-1.4149255389951918
0.12877286397689813,0.3936273697681225,-0.7544570484103477,0.34623403983619483
-0.8078032134155695,-1.0,0.20672110753156447,6.721465427395147
0.8590396405848459,0.4127972735854162,1.0,12.046172092239027
1.0,0.2627029914769372,0.9281534963582931,14.923474964667587
0.20299732855295605,1.0,-1.0,6.014161168042197
-0.44090582726491556,0.16632826503535947,0.13747510822090048,0.29660604503098675
0.6930918845881961,0.6373936118208157,-0.3984580471195982,1.3422962988143585
0.06034550875820299,-1.0,0.8145950048089807,-1.8759545299842317
-0.6710216535226179,0.4086866556232982,0.008104050835325838,-3.007065382882021
-0.4538981935368225,0.8746311250834149,-1.0,-3.183284056502907
-0.4320581897685496,-0.2132572674598301,0.9772179826048326,1.2909275987448066
-1.0,-1.0,0.5554482481728897,13.86167078542565
0.4253450381965851,-0.2584766023822396,-1.0,-4.078782750456824
0.15197242076659556,-0.3341889059705867,-1.0,-5.146112464239465
-0.5865181130521335,-1.0,-0.14222594216735107,4.245720850927879
0.5020617509430585,0.3600061348303176,0.5425732036797715,0.47232073928516205
-1.0,-0.5879570209766767,-0.5553320146509768,0.28194587810296984
0.4435219985986898,0.40208052941778005,0.9880438182874174,2.132147821018368
0.33969068500500366,-0.9083960063015482,-0.2619498116753276,1.857321033589935
0.009966932956157581,-0.6713479949316381,-0.6143455284892434,-0.3219999770516202
0.9713999992049318,-1.0,0.7042590780289908,-5.954205711070117
1.0,0.8855035156400615,0.6682750316212083,14.272995618938737
1.0,0.48252147078099084,-1.0,11.525062659485704
-1.0,1.0,-0.04489197841680448,8.455362108904355
-0.263504474648216,-0.7376521250916623,0.7235747043339595,0.4490006308585025
-0.971537808262684,0.1169253843260698,0.18203469530881722,-4.448726712976376
1.0,-0.5980779139597354,-0.6652856706171462,4.707047238203985
-1.0,1.0,-1.0,21.449880906532496
0.7094650251810053,0.7071369663494689,-0.015243530059127153,2.595533176827094
-0.06765992731408677,-0.5324004141029957,-1.0,-5.827524278227382
0.09372560809032149,-0.19963212230074912,1.0,-1.4244962459847774
0.8677044142558872,1.0,0.34225418140233344,9.585109007368006
-0.34361652288402533,0.03620105886169234,-0.3438902012369389,0.009875948288768893
0.7961983681368245,-0.5026746624750908,-0.44272919750519435,1.9031520836871096
-0.7921882036488799,0.42874268730198084,-0.27819562951462107,-2.0892090407202364
-1.0,0.5449180381927854,0.5267805469369433,-4.127608861795006
0.47138411953999326,-0.09412781401640591,1.0,-1.7780208325107008
0.002725177997051853,1.0,-0.42209229798704406,9.659750000758656
-1.0,0.8469729031813868,0.5853822827720816,-2.2313788311834575
1.0,0.4122279636670301,-0.9170584527626238,10.369875431941749
0.5947379385716491,0.2037447226221869,-0.4826329754063283,1.2456343322249095
-0.6186897939531248,0.7549478539988757,1.0,7.732241759434207
-0.18893554653854983,-0.39420255844576424,-1.0,-4.044627325899937
0.7375161099791432,0.01624714396789706,1.0,1.3912505107183946
0.2800096741573541,0.3003483947752661,-0.02915362081155859,0.5838283907333264
0.21978112640172998,-1.0,0.9818430463596324,-7.186239722039784
0.6337961165720911,0.3739596747424716,0.5349490091185012,2.5243657425192714
1.0,-1.0,-1.0,-29.968795049444886
0.6335709429384089,-0.22553925158340005,0.26606355208218657,0.9504336574641113
0.5981869642757633,-0.14507201494444555,1.0,-1.0211780086678623
-0.3196011178703799,-0.08070049825521464,0.5639942082865388,0.5219854392926706
0.15495046555516456,0.18958162007660673,-1.0,-3.738882112647219
1.0,-0.0973257980881066,0.9600979378628625,10.104871222143771
0.8046206598401666,0.13614704942846467,0.40366773596438676,2.871671509548144
-0.6837661561103665,0.8413436307400652,0.1833752604866179,-0.41259366036132694
0.5314935959128151,0.7639925403525869,-0.30620442374988577,2.357344359136279
-0.9297820644439807,1.0,0.2533756000135783,3.304255240471783
-0.8249005146476736,1.0,1.0,16.122585451560965
1.0,-0.21620159425866214,-0.9868313641957784,7.294686985946194
0.7287577308799151,0.5300012954229059,1.0,8.065085331578132
0.20934545577338892,0.6766318774083206,-1.0,-2.979816681191649
-0.6908891233135102,-0.1775283835527457,-0.8809324654833208,1.7555329491960716
0.19300543312666552,-0.6797263068139627,-0.4615805306256191,0.8285085264414902
0.09918530460865771,0.24799332619660208,-1.0,-2.7828541625978866
-1.0,1.0,0.7057612130847877,2.0285468050291517
0.09655879639039622,-0.537042303855596,0.49761603502577856,0.46272068413396483
0.484995141950491,0.05707686557016278,1.0,0.8208722288410756
-0.6054779970789643,1.0,-0.7918067370402191,3.5993348042097635
-0.2392777267370787,-1.0,0.5625378997735908,1.3763724317725141
-1.0,0.1073006705120052,-0.20951995534881518,-3.6952985815986126
0.8607872506589576,-0.8244267094101412,0.9912663956842411,-3.842469471550129
-0.20553329290650413,0.41972955978776105,0.40698227837421586,-0.30107854087657965
-1.0,1.0,0.46950059992657156,2.0213957375801295
-0.37696195670143684,0.25014410816939225,-0.3542901997334762,-0.6068485043868156
0.017339371751649457,1.0,-0.32156616591361287,9.137980854308113
-0.3045434036947603,0.5506639031772393,-0.8925963554267347,-2.4032598648029655
-0.32901111085855916,0.3491265656526339,-0.7470149705378903,-1.530068875563432
1.0,1.0,0.56939492750144,14.002215812475296
-1.0,0.019067493013743775,0.6295867369015007,-3.534964841793248
0.45654146770790005,0.1810398743753583,-1.0,-2.6700741445273346
0.15509497478302925,0.10152483024567927,1.0,0.06474277327108935
0.0329878267994006,-0.19817914654096547,-1.0,-2.9588403561628254
-0.028630519525355558,0.03936464141989027,0.2871537126155257,0.9191097620908717
-0.17153803491713981,-1.0,-0.0446422842722074,3.1966873294831712
0.9194521346098914,-0.544741704075909,0.8504854862871745,3.13595910624513
-0.3100909558864928,0.04326273962775784,-0.08383228751341143,-0.0050365220766233655
-0.4664332212481488,1.0,-0.7408797631136703,5.252286573410005
-0.6818686614234262,0.709071999907317,-0.286253405594594,-1.7195533702162678
0.5528596296684891,-1.0,0.4811795086704227,-0.47442606893326733
0.41044438338960143,0.04329926192872091,1.0,0.6751390342149657
-0.4975069316346137,-0.9998402397236821,-0.37520134497614555,2.9135743883510976
-0.3252633424662168,-0.6015063324010952,0.8114613237936972,-0.08036833924774228
-0.9586282949763214,-0.24750419647203992,-1.0,7.704324146853188
1.0,1.0,1.0,25.902491620445222
-0.663712545638077,0.6167762788499471,0.4885425357570006,-2.0802515640119523
0.47877479831885017,1.0,-0.7170040411402372,12.354081352023977
0.4885532570314277,0.16093548654778944,-0.8208594619746068,0.3187027676840407
-0.02712155232244906,-0.3622586172905309,-0.9127514524028426,-1.946747352783151
-0.4433135886333852,0.3891203989664931,0.7404523180582654,-0.5586870883680027
-0.266912048380167,0.6055712164825209,1.0,4.992065870247717
0.880595500347823,1.0,-0.12206422771164793,11.038038767062444
0.35002487557751594,1.0,0.15268733192021755,7.272699561106606
-0.48707043398925665,-0.3837039017432915,1.0,1.0667524048662866
0.7850065879878756,-0.43491122191874076,0.3922147027988514,1.2845832212589343
0.7492215189516735,0.6399858029771328,-1.0,1.1109470907645524
-0.9560502759465264,-1.0,0.6747403167258839,12.458844338348753
0.6118025148427535,0.004412007569648768,1.0,0.2428883039255348
-1.0,-0.024783531006716597,-0.36949554721823263,-3.072181715249796
-1.0,-0.5881209823304809,-0.6443767450376556,0.1999028370317249
0.028448225650334447,-1.0,0.9027955503386564,-3.401326381454818
